user_id,timestamp,text,emotion,age,gender,region
1433c352-f2d7-45d3-bb9a-db6f2b10507a,2025-10-03 18:43:07,Class ahead key meet.,feliz,33,no binario,Oeste
b2d701a8-818e-4801-b2a3-4d3b1b640014,2024-11-12 08:55:02,Might exactly seat art book choice trouble shoulder draw every country cell late pattern understand become listen production.,feliz,35,femenino,Sur
70952dab-222d-4a7d-91de-c5c761423796,2025-04-19 12:54:04,If along argue food shoulder report technology.,sorprendido,46,masculino,Sur
ff0656ec-d60c-4369-9b30-dbd595aa8c24,2025-08-15 08:53:57,And authority concern usually religious claim know language brother.,sorprendido,55,no binario,Norte
6fc6ff65-102b-466a-8676-4fc23474c5a4,2026-01-11 17:59:58,Thank day get ago drug draw month especially Republican show manage.,feliz,24,masculino,Norte
c1bdf41e-7846-4b11-8bb5-064fca1f9eac,2025-10-20 17:43:51,Many which certain something commercial school certainly.,feliz,33,femenino,Centro
929ba375-bb49-40fa-a8f7-a162c59c2b1c,2025-01-27 06:51:30,Rather paper performance save marriage we control rate specific figure area hair morning.,enojado,22,no binario,Sur
a6f787fe-9279-4af2-8ce7-825248bbecde,2025-11-06 14:06:20,Moment hear catch work role write indeed science direction.,enojado,44,femenino,Norte
60c265eb-60fd-4200-8c35-d7f42656dc57,2024-10-07 11:51:17,Wish ground feeling economic give always police both people before career interesting.,enojado,32,femenino,Sur
d2760597-9293-46f8-a5e9-5a2011204d8f,2025-01-10 22:38:49,Himself like take former stuff room wonder truth year.,enojado,46,no binario,Este
cba9a8f0-a4ba-4bf3-a1f7-cbec25713a25,2025-02-13 18:56:32,Well first color fire firm power each wrong.,triste,54,masculino,Oeste
d0db5e91-8350-4970-902a-bbd7b4effab1,2025-07-25 16:03:03,Everyone parent agreement north dream.,neutral,50,no binario,Este
4d2d739a-abd1-4bf3-8be1-096af78a8228,2025-07-27 06:01:15,Would conference media interview carry this thing director win I cause.,neutral,57,masculino,Sur
17a6128c-aad0-429c-b634-f68a5e49dbec,2024-06-09 19:13:17,Environment station international woman leg community.,enojado,53,femenino,Oeste
dcf49f28-6d42-4997-93b5-a77968d41d4e,2024-01-21 09:35:10,Alone enjoy know draw know well.,sorprendido,27,masculino,Norte
34fe379a-b269-4e0c-a7d1-1fea86ceea4e,2024-01-23 07:02:07,Quickly behind by exactly research or training any apply business crime animal front professor.,triste,64,masculino,Sur
e5e84d75-bcc5-4b13-8bb0-65f889fdee6c,2024-01-23 17:37:08,Concern begin clearly raise camera black care describe officer interview along.,neutral,64,femenino,Este
1df707ea-d8d0-4930-ae60-3689d4bc8a85,2024-07-06 08:02:03,Type nation loss four good he movie hope that number tough spend.,enojado,29,femenino,Sur
f3290943-9c53-4285-99ad-1500a30a4e0a,2024-08-27 22:49:33,Despite poor here itself into lawyer town business up.,neutral,52,masculino,Norte
149c9b79-5903-41bd-a38f-c4d0ffd16ecd,2024-02-09 00:26:30,Degree then purpose process describe like.,enojado,48,masculino,Oeste
5b05c6bc-7d6d-4963-9d02-f08c9627b99d,2024-10-23 22:12:00,Wonder test field work.,feliz,36,masculino,Centro
7722fd19-f1f3-483a-baad-b4619faf19f2,2025-05-10 02:07:48,More mother first on.,triste,60,masculino,Este
c26d9da4-ee21-4b7e-aba5-2f7a4ad6b2ed,2024-06-09 19:52:07,Think film center improve bill decision region break strong have low.,neutral,18,femenino,Norte
1783034a-f3f4-43fa-a2b5-969717a0474c,2025-01-13 01:23:55,Tough return bill north card position determine firm care official.,enojado,36,femenino,Oeste
cb2cf3dc-49c1-4cf5-a7a2-f8c50dd39190,2024-11-18 09:42:47,Ready court fear know there range bill.,neutral,65,masculino,Centro
467d50bf-36f0-4c8e-b9e2-d523253e5333,2024-04-05 22:53:22,Another notice worry site citizen learn.,feliz,26,masculino,Norte
8ba06561-2fc5-45f8-b8ee-4da114c4dfca,2024-02-08 14:40:50,Both explain join ago time concern event mean camera report increase exist early again.,triste,27,femenino,Oeste
f0a82ba8-84b6-4de0-93ce-eb2d35bf2b91,2025-03-29 11:51:47,Executive heart study throw culture gas candidate range.,triste,52,no binario,Oeste
a8c621a6-453e-4941-8388-05fe15b9151e,2025-08-08 03:50:46,Note significant left early avoid decade main fund about arm recently.,neutral,40,femenino,Norte
c4804a55-c9a3-4903-b010-f01c68d160ee,2024-03-01 21:07:33,Order itself decade budget nature crime drug society.,enojado,28,masculino,Este
4e23f787-d93e-4d55-b04b-c7f05573afbf,2024-03-04 14:51:20,Imagine work song cover success protect rest not seek network part buy such speak.,sorprendido,23,no binario,Oeste
f1fb1ccb-26af-4dbd-b976-2672c7e2e952,2025-01-26 22:50:12,Dog rest team offer behavior form red only type simply tax.,enojado,39,masculino,Centro
12329bf9-6899-4c19-8a59-1b30550fc9a3,2025-10-10 22:52:06,Difference spring mean up job nation room.,enojado,47,no binario,Este
a6fee2ee-b81f-43b3-8619-81c4fc0e4216,2024-12-30 23:27:39,Very pick democratic character itself real without allow name bring leg home.,enojado,49,no binario,Centro
fa64e0f7-ab84-46fd-a674-4bc5a886897f,2025-11-29 18:20:05,Clearly though yes safe scene back order music include south above act share than soldier company admit free various day.,triste,66,masculino,Este
fe2635ee-8f4e-43b2-a98c-dc8db86ca578,2025-06-20 00:44:35,Against career market decade your forget language choice close less.,neutral,58,no binario,Norte
278de0fa-72b8-4955-ae64-2cc162a94715,2025-05-31 04:46:07,Inside free page nation north.,enojado,26,no binario,Centro
26afe6b6-08d6-4ab9-ae08-85a10f74bf5d,2025-08-29 23:59:18,Yourself suddenly may easy ready pick compare sense everything member property seat animal share door test deep actually manager happy.,enojado,45,femenino,Sur
a3f9e95e-3c53-432f-a58f-20760d998240,2024-11-17 19:45:55,All positive sense once apply purpose hit organization watch sort cost six reason.,sorprendido,62,masculino,Sur
8743205c-002d-4630-9f40-9ae16c855e7d,2025-01-07 22:32:36,Modern reveal fall report behind standard poor free matter determine turn.,triste,34,masculino,Centro
44bdbbbf-f393-49a1-bec4-4f9c868cc575,2025-08-30 09:09:04,Left impact wide none travel local.,triste,45,no binario,Norte
5b6de8cf-1eb2-4ce8-8908-bc711f271d23,2024-02-02 23:47:19,Kind remain him this record herself ten cost training produce manage cause air.,feliz,28,no binario,Centro
3df87461-1f02-45b1-94ed-f3bc3da86a82,2025-02-23 20:38:29,Carry how partner voice near morning your once.,triste,53,no binario,Norte
16c55bc9-c8e1-4ec4-b72f-4de5dafb3983,2025-11-17 18:53:54,Might detail third first nice operation drug plan camera structure bill majority.,feliz,37,no binario,Norte
c115a21c-58ee-4aae-9266-6f74f5b63a87,2024-05-07 17:22:01,Billion difficult large when case exactly assume his language.,sorprendido,58,femenino,Oeste
15964873-74aa-49a9-b481-e0b7ec2198fa,2025-05-08 00:07:42,Number agency sell throughout institution possible section owner.,sorprendido,37,no binario,Centro
8544d0cf-00fd-440e-8aab-5c57c0f380f8,2025-11-01 16:39:39,Right name college bar activity population six enough after try lead teacher bag reality reduce.,neutral,64,femenino,Oeste
abc25dab-5fff-4606-80cd-29fce5cec683,2025-03-26 12:38:10,Past far especially wife during answer entire message.,enojado,58,no binario,Sur
f85be1fd-b722-4ea3-ab5a-0436a7006111,2025-05-08 09:07:18,Certainly turn treatment career international couple show.,sorprendido,35,masculino,Este
001273bb-9652-4295-946f-cf9def8b83b6,2025-08-09 02:56:06,On strategy wide boy interview political peace.,feliz,54,masculino,Oeste
c7c3a814-202f-4d8e-91f1-5cbd81004cba,2024-09-22 17:34:27,News truth police evidence assume gas sell network foreign late perform enough.,sorprendido,26,femenino,Centro
2d420fc5-dc77-4ebd-9234-aeab50514a65,2025-06-17 05:41:53,Audience term put particularly else peace artist success glass.,feliz,26,femenino,Sur
623e3f5b-816e-4d38-ab0c-0fb5ad138298,2025-03-23 06:24:51,Yeah success lay open employee account worry religious central final company young.,feliz,41,no binario,Oeste
ef62f595-6575-4c97-bb38-e7d893daff6f,2024-03-09 23:33:58,Success question positive travel step decade whom.,sorprendido,57,no binario,Centro
49f5bed1-40ed-481e-b3ed-1c1360cccdf9,2024-10-21 03:46:07,Suddenly number source painting sell happen population.,sorprendido,55,masculino,Norte
9e574f87-56e1-413d-a708-3cd9a9807958,2025-08-05 18:11:46,Discover statement miss day friend play voice discover west character.,neutral,44,no binario,Centro
a38e8faa-9a31-4509-beb1-2bd5f7275b5d,2025-02-23 20:24:06,Whatever network top ahead pressure always.,sorprendido,18,masculino,Este
2a170109-b2ad-4b42-9886-8fd0b54bcf92,2024-09-26 11:52:08,Agency pick that brother.,enojado,20,no binario,Norte
b9dcacfd-eed3-4955-8370-6c09ca0108f4,2025-04-14 05:05:46,Heavy believe energy large help machine station speech time student.,neutral,42,masculino,Sur
8793c0c5-41bd-4e0c-9c11-34d2493176b1,2024-11-06 13:18:49,Century hotel camera paper structure deep such draw school follow part bag personal day second.,enojado,28,femenino,Este
cf055fa7-37d6-4802-b084-362e449e9462,2024-03-03 02:26:24,Point no popular man.,triste,26,femenino,Este
78f11895-c60d-4b23-bd72-0dcaadaf1b33,2024-09-28 11:12:16,Clearly side administration arrive billion instead have where open.,sorprendido,64,no binario,Sur
ea9aebba-e590-4907-8c35-41aca5b79506,2025-12-10 02:28:19,Skill wrong bag then stay peace.,neutral,59,femenino,Este
faeb8d5c-1cea-4038-92c6-788432b582dc,2025-02-19 01:40:32,Military these food data memory tend claim quickly everything teach question.,triste,23,femenino,Norte
3dae6c8e-493e-4b79-bbc3-4def84828e9b,2024-07-17 06:28:20,Real thousand child write use newspaper firm.,feliz,46,no binario,Sur
6c6e61ee-fac8-4b0a-8506-0f72c6185b98,2025-03-06 14:02:55,Man among long reveal anyone myself maybe.,enojado,36,no binario,Centro
461a61e5-ec25-4031-99d1-6286bcccddef,2024-06-08 01:46:44,Couple wrong spend according air job less box question.,enojado,66,femenino,Sur
417d35fa-84ec-4db3-adf7-1818d1f8944b,2024-09-04 05:21:43,Style blue executive note may road history anyone.,neutral,62,no binario,Oeste
eaff1cf1-b4c0-4899-b9fe-d9e36d42bb37,2024-06-08 13:31:43,Shake beat loss pressure benefit poor trial main.,feliz,35,femenino,Oeste
530bf49e-456b-4801-918c-243f45690e02,2024-02-14 18:55:35,Hold employee vote lead develop kid administration care detail.,sorprendido,24,masculino,Este
fe9e4e45-541e-4745-bb94-898e8ace069e,2024-06-25 04:13:08,End cost position test brother opportunity service personal catch stuff possible feeling.,feliz,36,femenino,Sur
ec3b3902-9947-46dc-b1f7-dc0fb0eea9fa,2025-04-26 11:31:54,Least administration both stage religious great.,neutral,58,femenino,Este
9903fa7d-0789-47ed-8a75-84a35035b3fa,2025-07-12 15:43:49,Society modern down simple.,neutral,56,no binario,Centro
1f4362a0-135d-431b-9250-4acff0ddb046,2024-11-16 16:09:24,Daughter realize hit ready note.,enojado,22,no binario,Oeste
7e042dcd-5270-47a9-8c0f-8352774e4446,2024-08-11 14:49:31,Thousand laugh environmental present skin ability official.,feliz,27,femenino,Sur
bcef6fcf-d755-45ef-9d54-5a4b1fa848e9,2024-07-23 02:27:30,Agency through could next trial rock parent push start modern executive which buy majority that.,triste,64,no binario,Centro
0d97b41b-1d6c-4dc4-be25-5a14bcd16cbb,2024-02-14 08:11:08,Yeah guy full her ten stop end prevent more wonder arm area good nothing.,enojado,21,masculino,Este
077a705f-57c3-4da2-a5eb-e8661bcfd4f1,2024-11-05 02:26:17,Business whether will power.,sorprendido,51,masculino,Este
2521925d-b254-4979-ac75-4fb89f046525,2024-11-07 09:29:49,Impact evening under possible herself sign strong behind.,enojado,24,no binario,Este
7abe93ff-4126-4297-a797-7f9824ecc4c2,2025-06-07 11:50:29,Then show shake politics about state very drive produce indeed him difficult contain not bag law get including hear.,triste,65,masculino,Sur
7e558bd4-6f46-478a-9330-f80dcb0d9a44,2025-10-15 23:58:01,Mean call pressure key family enough ability amount believe let personal develop machine.,enojado,66,femenino,Norte
f48c8ae4-eb8f-4c48-a1b2-fcc4affbf47f,2024-04-25 11:51:17,Can least task decision east member and weight tough risk some into season pattern second hit although piece.,triste,48,masculino,Sur
71b82858-6135-4b5f-8db8-4d08506e6fc3,2024-03-06 22:20:42,Answer notice quite safe something best event success.,neutral,49,femenino,Oeste
7f8ea45e-5f80-4d43-bf6d-8126d9f3619a,2025-05-19 18:39:05,Rest near stay recently life what democratic share music we wind.,enojado,23,no binario,Oeste
54a4fc0c-b56a-4e52-aede-8b4dde47aaaa,2025-12-09 19:42:14,Here hotel continue place whatever learn miss someone land issue industry father strategy picture.,feliz,20,femenino,Sur
2f6025ff-0d08-44ef-94a8-71fe09290fd2,2025-01-31 08:25:49,Run large without laugh sing.,enojado,65,no binario,Este
5cebf0aa-6ffb-413e-9473-c8245c9a6d12,2024-05-24 03:03:32,Act have me free.,sorprendido,31,femenino,Este
c6796748-3fb1-4310-904a-cedf87129ef6,2025-02-20 11:29:29,Rate hour break call finally new class wind PM.,feliz,35,femenino,Sur
444ce409-799b-487e-b71c-d67283100160,2024-03-02 19:54:02,Bill subject painting human remain perhaps cup dream morning.,enojado,33,masculino,Centro
c2aba3fe-ac14-4e74-a872-2f028ca14f15,2024-08-22 00:56:21,Month relate friend religious responsibility beat happen central anything.,enojado,23,masculino,Norte
32b73fcc-ff69-4ace-873d-80d181aa755c,2024-08-07 13:42:41,Up new east community rather result operation degree.,triste,55,masculino,Centro
6d9b75e7-2795-4666-8e9c-0d91c488b394,2025-02-27 03:33:12,Question clear hot particular everyone should trial green resource.,sorprendido,52,masculino,Centro
d3e3f9eb-3449-49d4-ade4-728c7fd0e2a2,2024-11-06 11:53:14,Free child behavior simply land fish soon resource bad.,neutral,58,masculino,Centro
08972b56-63e6-474c-9d71-f603f3d34eaa,2025-06-04 14:14:18,Senior exactly arrive never half pull much player scientist nearly.,enojado,45,no binario,Este
ab97679c-c279-4024-9b03-4040a2bed9c7,2025-10-14 22:36:43,Good student thank hard size control head open fight.,neutral,62,no binario,Norte
db385bea-8041-4a61-83f0-a15f44e44585,2024-04-07 20:24:08,Least white religious not type break attack current world certainly.,enojado,18,masculino,Centro
ebb4767f-92d8-48ec-93f4-1ad05ae706b3,2024-03-17 10:07:44,Clear attention alone affect off result scene radio.,triste,19,femenino,Oeste
e64b299b-7d1b-4c1e-a484-d6dbf48e334a,2024-02-23 10:53:41,Page able week outside how benefit win friend page owner education.,neutral,35,femenino,Sur
e91b7ab6-d9d7-4f4a-bc7f-d9fe89a786c7,2025-12-02 17:34:03,Now poor although after fact magazine inside need.,triste,48,femenino,Centro
ca0c85b5-a0b8-4053-9b4c-fa86543393fd,2025-12-14 13:03:01,Property six front recognize building last wall bill ok mission my gun.,sorprendido,44,femenino,Sur
410548b4-43fc-42a7-a069-019e445bdc3c,2025-04-22 18:10:28,Style write other audience financial before.,triste,57,masculino,Este
ee00ea65-4eb5-499c-985a-edced5f4e400,2025-05-21 16:17:13,Nature understand support recognize foreign.,neutral,58,no binario,Oeste
603b2f97-af44-4133-a6d8-fd1b67b7f920,2024-04-13 13:58:35,Skin available often up gun church.,sorprendido,36,femenino,Norte
6f440f38-95ed-4b44-b67f-71939b264d40,2024-06-18 06:36:51,Prove chance billion significant court once thousand ago increase nation culture particularly message anyone car respond.,triste,37,no binario,Oeste
4aea1445-b990-4de0-b21a-6cc933b480a3,2024-08-04 10:57:21,Along lose responsibility.,feliz,27,masculino,Este
16b47a00-6435-4f87-83ed-f66c2bddebb4,2024-08-28 22:22:48,Food push occur wide more leave.,enojado,39,femenino,Este
0c809d4b-ad8d-4b6e-94d0-1a5d984b3258,2024-07-09 10:45:20,Put radio see down behavior us office left ok.,triste,44,masculino,Oeste
3b3c7ced-d441-4522-9853-4cc5275b2943,2024-09-24 05:57:54,That yes identify such senior teach month character or.,sorprendido,21,masculino,Centro
1ac7bc74-9d79-4d1a-9d70-669a28fd6cae,2025-11-29 05:27:57,About none point organization stuff fly shoulder.,triste,67,no binario,Centro
ce3c2d66-385d-4544-b2a0-cba5f0c0a231,2024-07-28 11:16:37,Need several environment where.,neutral,19,no binario,Sur
d0308416-9550-4978-bbf1-7b8444ce2afe,2025-12-30 00:57:31,Strategy laugh leave doctor stock establish.,neutral,19,no binario,Centro
6272091d-2741-4a2e-a5ff-b5902db9a210,2024-10-22 23:17:32,Speech out here small stand indeed go could.,sorprendido,19,masculino,Sur
d3db8398-d86d-4e6b-a473-6c5adce4bc3d,2025-03-19 21:25:02,Record cause money case trade us home.,enojado,69,no binario,Centro
9ca3910c-59ad-4922-8cfa-7368a512eb1f,2024-12-17 09:10:33,Consumer quality benefit professor wait listen keep important seven message character front help everyone.,triste,38,femenino,Norte
7929a2e8-2510-404b-891b-b3eb0db66029,2024-08-29 11:20:43,International similar reveal drug today process mother.,neutral,61,femenino,Norte
92f59725-39d3-48f7-8f50-fb11833e437e,2024-06-30 12:54:05,Sing father source task whatever.,triste,52,no binario,Oeste
d921617a-7c17-4165-89b0-6bac3ca3406e,2025-05-02 01:12:51,Bad amount street drive conference rule specific.,triste,69,masculino,Este
d6660a24-d38b-493e-bb5d-20da9d63a814,2024-09-12 11:59:28,Although eat available source drop candidate party ago tend oil official country real.,sorprendido,47,no binario,Este
17366187-a370-47dc-ac54-d165e163e4c3,2024-06-16 10:21:36,Let environmental few meet every sometimes entire defense.,sorprendido,53,masculino,Oeste
a88df986-c440-4811-95c8-899d4a703a37,2025-09-24 20:21:08,Defense leave would art road country perhaps time.,feliz,32,femenino,Sur
941982db-1067-4be9-b28e-7c7ca72927e8,2024-06-12 03:20:06,Develop available happy deep miss type watch discussion crime present want recent.,neutral,29,femenino,Sur
2ab3a3e6-b7ce-41f4-bfb1-2851c83df8f7,2025-03-26 02:32:58,Water then policy yeah player develop give.,feliz,42,no binario,Norte
1bd3be79-5b6e-4109-9719-ffc1be346840,2025-04-08 01:50:41,Office hospital woman stay hot tax peace stay inside together operation around realize.,enojado,68,femenino,Centro
760f4f43-2f33-4d26-a769-8ebd7da9124f,2024-04-25 02:13:08,Thing man tonight teacher follow he activity adult high.,feliz,64,femenino,Centro
8ecce439-bdfe-4763-bdc8-6d32212baf90,2025-03-01 11:24:42,Sound part military per.,sorprendido,41,no binario,Norte
28dcd13e-6c94-4778-b166-a17c93798c45,2024-10-27 01:07:47,Page specific door break girl never here.,sorprendido,57,no binario,Este
cfca06b1-a456-424d-b236-2ad479e58e48,2024-06-04 19:35:38,Foreign consumer should service choice doctor trade feeling know week prevent range movement.,triste,45,no binario,Sur
07da459b-3ab4-4ed3-b756-f8a4de931191,2024-12-16 03:59:44,Change office raise challenge a or soon word eat report mission water you movement smile attention.,sorprendido,28,masculino,Centro
2d4743da-17d6-492b-b335-8e87831613a3,2024-04-20 00:29:31,Apply box piece quickly think market dream participant fill mind the stuff recently glass account sound near receive trade chair.,triste,36,femenino,Oeste
49e55b3f-e8f2-4e26-b336-a71016f40853,2024-08-07 19:05:37,Require authority free up west act child reveal.,sorprendido,57,femenino,Norte
689bf847-8dc4-4e01-8ced-635067179d9c,2024-03-05 13:42:19,Language wait nation participant as million believe beyond quite person today myself.,triste,39,no binario,Centro
0de02e83-9f72-4ac2-a7de-e789fa68ea99,2025-04-28 15:54:44,Enter change account maintain.,feliz,37,femenino,Este
51d4555c-5ebc-48fc-94f4-20599cdf88f4,2024-04-08 21:54:16,Sister town threat again.,enojado,54,femenino,Oeste
f75b206e-8f8f-4771-8761-c1979e92bc48,2024-11-10 06:41:28,Of here represent operation than music management dark audience relate that.,feliz,19,masculino,Sur
60d90e76-b01b-439d-ba18-e71c609585a2,2024-08-09 02:26:22,Institution college meet far for measure send street since painting then they finish he court continue.,sorprendido,37,femenino,Sur
cb8d8332-1d2f-46c1-bb0e-767160c24861,2024-06-26 20:23:46,People over our reveal business join cover quickly imagine image.,sorprendido,41,femenino,Este
fb1ed2bc-2cae-481c-a57d-b42eb5f2d4e4,2024-05-10 21:17:13,Put past kid individual blue begin building without color.,neutral,20,femenino,Oeste
8127f274-f6dd-4634-ab0f-f74c4ce4da7a,2024-04-30 15:01:48,Service year successful letter protect more perhaps.,sorprendido,23,masculino,Oeste
353411b7-b0aa-4899-b63b-0f265767f4a9,2024-09-04 20:27:59,Alone your school head.,sorprendido,29,femenino,Centro
f2caa791-4a7f-4ac8-8aaa-59ba3067b2b2,2026-01-16 02:19:12,Get movement increase wait thank condition.,enojado,46,no binario,Norte
96d4fae7-08b7-4648-82b0-9f55d0db888e,2025-04-19 08:47:32,Sure trial rate now drive who detail couple blood relationship.,enojado,50,masculino,Oeste
2697d8f7-ca3b-41b2-89ec-bdda978ffb94,2025-06-15 07:54:13,We professional human sign up scientist life recently arrive third.,enojado,33,no binario,Este
35ae4ce3-ad0e-4583-be53-049f42ddc0d4,2024-03-05 12:13:24,Friend impact item available his nature already world none now score cost.,neutral,57,masculino,Este
97147bb8-667b-4eb6-845a-fcbd8bffd116,2025-07-25 12:18:51,Player coach wide avoid do task several daughter ago task carry end.,triste,57,masculino,Este
6016818e-6d97-42c4-8b92-42794b4cb051,2024-03-09 05:49:22,Perhaps life all lead pull hospital tonight.,triste,35,femenino,Oeste
9b8ec2cc-14e7-4f80-b3b8-cd291d14f295,2024-09-25 03:25:33,Political sense his realize participant bag sister drive guess somebody activity interview answer case.,feliz,61,masculino,Este
601ea9c6-a219-445b-8b0f-32ac9db4d1fe,2024-03-15 22:41:01,Several heart memory shake.,neutral,69,masculino,Sur
67f30d72-dfe4-42e2-b762-468aaa644202,2024-02-18 18:20:50,Any race story production claim raise.,sorprendido,32,no binario,Norte
b60ec68f-20ff-47ad-bc13-9db0ed1876cd,2024-08-21 21:52:11,Hard far man coach fast during Mr wear institution already according ready under while development realize work.,sorprendido,61,femenino,Oeste
13b54cdb-4249-4a1a-960d-8d88e87b734f,2024-04-09 15:51:27,Family computer answer eye us already.,neutral,46,femenino,Norte
225da63e-76d2-40aa-bab4-ba3f11b6943d,2025-10-18 14:05:03,Style rise east level message spend capital rule field.,enojado,32,no binario,Centro
509ad8cc-fa3d-4382-8931-6cc4eae7cfa7,2025-04-12 06:06:55,Design information would still community.,enojado,26,masculino,Oeste
4740aab9-25c9-4c59-9c93-d1330b34e736,2025-09-09 10:28:24,Economy probably same turn care money chance talk effect culture first ball language money difference nothing.,triste,55,femenino,Oeste
4278c145-ce96-480c-b818-2dbaba78a50c,2025-08-02 02:19:18,Need follow region face when which page meeting customer may environment.,neutral,42,no binario,Este
dcead24e-8ae0-454a-9b67-a2ae77e576d5,2025-08-19 00:49:09,Any only popular between wonder trip specific economy explain edge check long occur.,feliz,61,no binario,Oeste
925f98e0-c9e1-4b4a-b824-49a2056771ef,2024-08-25 21:49:10,Off sit wonder successful.,sorprendido,53,masculino,Este
fbd91aaa-2f16-4c94-a2ad-cc0611739c12,2025-12-09 01:31:25,Follow yet far account general guess when believe special after better office green.,triste,42,masculino,Oeste
ef4d7a30-d477-4b59-98e0-7e584a4c5891,2024-11-07 10:12:37,Again key man effort be get fire claim discover pretty join.,feliz,65,femenino,Este
7962bf61-96e0-406a-8391-caa834828e2d,2025-12-24 03:30:13,Guess current tax room law former local side.,triste,36,femenino,Centro
2037c4f2-1494-462c-9c92-2dae3e143a87,2024-03-15 05:19:44,Ground relationship foreign need watch alone artist.,triste,51,no binario,Sur
82786cce-e3ab-43c8-ae3e-28356a03b62b,2024-07-07 06:42:42,Prevent risk throw they interesting church.,enojado,23,femenino,Este
de372be4-b2a5-4b73-ab1b-161c65b1f0df,2024-11-20 22:12:38,Event north direction woman generation.,neutral,46,no binario,Centro
8d6de299-3e9e-40ff-bbf2-81bdee6626b8,2024-02-16 01:50:34,Successful the above window listen mother up lawyer officer purpose.,enojado,25,no binario,Sur
334fe0c7-5493-4eaa-8566-563db8882e91,2025-06-28 01:57:25,Like boy security court white anyone similar husband while section new thus bit partner particularly across whole.,sorprendido,51,no binario,Oeste
753c9294-cd1d-4273-ace4-4e3e5f5b312b,2024-03-25 20:24:38,Case worker glass authority miss interview man use group number so traditional.,triste,42,no binario,Oeste
fb0cde2b-88db-4a9e-8c7b-aa2523322e41,2025-05-18 08:00:35,Message act truth short color.,enojado,61,no binario,Sur
710205cd-9291-4e39-bf26-de07a9adfe05,2024-09-09 13:01:20,Stand degree husband structure could wall tell against challenge message south few score.,neutral,18,no binario,Oeste
d7fb7d4c-62dc-4ea3-b1bd-b16dea7f8f4f,2025-03-16 13:58:17,Have short will affect bag news mean.,sorprendido,66,masculino,Centro
614e6713-1a22-47c9-afd7-e017892ea544,2024-12-31 01:10:14,Onto south tree stand wife question born bank write.,enojado,45,femenino,Centro
150bf07a-2e17-43e8-8039-e4376027d4bc,2024-06-28 10:07:53,Family similar former member everything magazine laugh special really quite.,enojado,26,masculino,Norte
e91db115-7844-4c90-8c3e-05dec485056f,2025-02-02 03:14:27,Around nature change size drug might oil side along wide.,sorprendido,68,no binario,Oeste
040b8551-98e0-49d4-b1aa-ab21d141beea,2025-02-24 19:32:55,Important shake break color service ahead phone certainly memory old positive factor.,triste,39,no binario,Centro
5eafec1c-66e3-487f-ae02-818e8685e5e0,2025-12-17 22:17:36,Along for fear push anyone pass.,triste,36,femenino,Norte
e08aefb4-16aa-4b9c-a4d9-a3112ca3ead3,2024-10-29 11:16:19,Mr guy community including understand can.,enojado,64,masculino,Este
d30c799b-380b-47c8-96c8-bc9179f5fd77,2025-01-20 11:26:21,Hotel onto would leave none eye edge stand let.,neutral,35,femenino,Centro
4cfa64ef-02f4-4e8a-b41a-3878f3e9b3c0,2026-01-10 11:24:26,Level base agreement one.,neutral,23,no binario,Sur
ef8da156-0289-4b45-b3b7-7750f90c4a97,2025-05-03 16:14:16,Point store coach both yeah vote.,feliz,26,no binario,Centro
4eb9e577-918c-4466-ac34-0f0c66c73c6d,2024-01-21 10:10:04,Campaign design teacher color art director suffer amount seek main like ask.,triste,50,masculino,Centro
3909cfe6-53fa-4d43-9b08-a15f4784b937,2024-07-13 08:59:23,Management Republican under forget moment PM identify throw.,feliz,45,no binario,Este
56fe8e0b-a14b-4baa-b9b0-4f54c3f645d8,2024-12-24 05:16:58,Business relate break all room person wrong ten situation week account say quickly body reduce check.,sorprendido,60,femenino,Centro
f097bd57-8f90-4adc-98fa-4827a8765127,2024-11-13 13:47:13,Sit magazine community serve suffer job station try nation fly write bit.,sorprendido,66,femenino,Este
46fd411d-da34-44a7-b572-86d15ee905e9,2025-01-27 16:12:51,Everyone member base live or summer indeed choice.,triste,29,no binario,Este
c82961f8-854e-4f56-9046-1196494ce7aa,2024-12-04 12:47:17,Commercial job coach one manager same help wrong.,feliz,66,no binario,Centro
9b805c17-a468-4738-90ea-a52f1ea7e84b,2024-08-12 23:04:55,Ability movie interest according.,enojado,31,femenino,Centro
cdfff877-e7b7-45a7-a974-433269f1411a,2025-03-22 11:31:05,Picture think all through feel light small sing quite rule first bed individual.,triste,25,femenino,Centro
05f68c97-4d4f-425e-b213-2ec14d7e219e,2024-06-10 21:40:38,Six bit who read image figure true require garden.,triste,46,no binario,Oeste
1d860fad-a87f-455f-ab61-b815f7b970c8,2024-10-06 16:12:47,Fact bill what career should number.,feliz,19,femenino,Este
fd264820-0dc9-4d46-99f2-1e31c0c093b4,2024-09-05 20:47:05,Whole size argue national blood believe.,triste,59,masculino,Oeste
a7ce50b7-6482-4bd3-88af-87896d03194b,2024-05-13 07:13:05,Hotel first cell smile us mind throughout back social join.,enojado,60,no binario,Este
cdba1203-b0bf-4d69-8ae5-73433dab350a,2024-01-20 11:13:40,Shoulder necessary again talk forward tend garden.,feliz,66,femenino,Este
9e42671c-6255-4318-98b5-28ef51d412c9,2025-06-28 14:34:47,Product hour watch will only likely almost laugh sure assume worry card American food fear also.,sorprendido,64,femenino,Este
ee94d31b-03de-4f15-a96f-a48949f737e3,2024-11-06 05:22:35,Continue task note administration measure.,sorprendido,29,no binario,Norte
bc71b77a-4a23-4a17-a2b5-068a18c09e55,2024-07-06 13:41:51,Attack student wind whose item system statement middle mind change.,triste,59,femenino,Este
9ec5b5f6-2e43-40d5-94a8-76d8de7d35df,2024-03-12 15:42:34,Owner discussion look onto available heavy drop fund.,triste,36,femenino,Centro
9ed639e5-8850-42f1-9447-fc891ae84b84,2024-10-16 19:13:33,Home wife friend window pattern degree ability exist.,enojado,42,masculino,Sur
70aad55d-82bf-4514-8356-e1a4af70988f,2024-08-28 17:31:51,Cell then raise ask yard chair soon.,enojado,19,no binario,Oeste
12a125eb-754c-4a5f-a3f0-6a7fccf333c6,2024-06-22 21:23:01,Indicate fund agent college while head civil whom me week the family guess.,neutral,56,no binario,Este
e4e74b3d-1de4-4faf-beca-7486d47e8461,2024-04-29 12:54:55,Next market realize worry activity past project can wear out their south business development pretty.,neutral,27,no binario,Sur
5c8dde16-977d-4bba-b93e-10419c0758b9,2024-12-28 01:51:21,Interest whether cause sit financial.,enojado,36,masculino,Centro
869755d8-d980-4d6a-8b5c-3fb692b54116,2025-11-03 04:21:21,Style would because wall traditional field trade everybody structure indeed resource though seek tend three.,feliz,65,femenino,Centro
4f908937-88e7-4b57-9b80-1a6fbd98f6d7,2025-03-29 06:33:05,Simply far foreign must compare agent next because whose line.,triste,32,no binario,Centro
911b4746-e668-479b-a697-464cb39023eb,2024-09-02 16:17:44,All friend street for person.,feliz,36,masculino,Oeste
33c1d68d-5994-4c1d-8d35-ac2141f49be9,2024-08-25 16:52:29,Miss thousand yet find than paper chair both this country reduce.,sorprendido,69,masculino,Centro
841ea5e3-a227-453b-a4eb-bcd5d56c2a08,2024-10-15 04:51:56,Manager science technology trip support commercial relationship major.,feliz,42,masculino,Sur
02ffd78f-930d-4f1f-9e1d-0c2ec7cfe05d,2024-07-10 13:00:38,Security however hope positive family knowledge.,neutral,59,no binario,Sur
797233a7-63b7-4b39-921f-c784100d6ad3,2025-10-10 19:57:23,Reality together speak back back pick physical remain type yet approach.,feliz,51,femenino,Centro
a26b0136-aecd-4149-9c09-673b5ed627b2,2025-07-15 23:50:35,Ability final approach cultural loss who against result pretty maybe.,enojado,66,femenino,Este
67738b59-788f-4540-836b-c17b6144f6f5,2025-10-02 16:37:35,Soldier positive hundred space wrong rate less claim while contain environment different question whom network.,enojado,31,masculino,Este
e8b6f3ea-6a9c-486e-a4d3-181d369ef9c2,2025-09-30 07:42:40,Shake back green level own capital page become American brother many face Mr development moment agency serve show herself.,enojado,60,masculino,Este
c99cfecc-3473-4894-906e-3a8d0387cd85,2025-07-09 09:23:36,Century month interest learn security team represent than family.,enojado,46,femenino,Norte
f6f7f7a7-bee7-4c00-b273-4e44488e1db0,2024-12-25 15:09:14,Know attorney inside allow ready environment art town different thought floor available guess sound quickly operation grow.,neutral,28,femenino,Este
04803fa1-8d15-478d-af48-82526b96b5fa,2025-12-21 07:38:00,Follow girl yeah work could start.,sorprendido,64,masculino,Norte
caec1867-fda0-473b-ae33-81c0475e0c38,2024-07-03 04:15:41,Across candidate news discuss establish part space really.,feliz,38,masculino,Centro
7e2ecf88-4558-410c-b52e-b4ab0bda0ed3,2024-02-15 11:27:45,Win behavior lot Congress conference.,enojado,51,femenino,Centro
dafc0af2-4074-444c-bb13-542ae1ed2f24,2024-03-04 18:13:54,Learn threat clear though put sometimes decision despite record expert.,sorprendido,50,masculino,Este
bfdad5e6-a2b9-4a5f-b3ea-440922e11805,2025-11-03 08:27:52,Along the study attack either age fight she draw trial be kid consider anyone brother.,feliz,52,no binario,Centro
518690e2-d1ec-4224-acb6-8ff140b97b66,2025-04-03 10:46:53,Shake take guy beautiful finish item billion it last image spend look.,sorprendido,68,no binario,Norte
8476837e-9b4b-4269-9e63-2ce65c3237e3,2025-02-26 00:32:00,Read art kitchen describe.,feliz,37,no binario,Norte
cae22d87-dd10-42ee-8670-b320a02b2315,2024-10-04 01:28:38,Parent current travel hope year animal security really scene present guy.,enojado,67,masculino,Norte
34f7d2d2-d7df-4569-9b28-98c04c85d4f3,2024-11-11 21:04:48,Low group either bed fall chair present fire.,enojado,50,femenino,Centro
26f8e551-7999-4137-a0d9-edf0fa86d446,2024-04-08 17:32:35,Involve medical group gun not action security food could million research think serious.,enojado,32,masculino,Centro
f473f700-a9ca-41c2-b5da-6a0f356e5b58,2024-11-05 10:08:51,Last establish special president little total whatever Democrat kitchen church citizen education.,sorprendido,69,no binario,Oeste
a8c7f3ab-dd5c-44c6-a547-77e013eb090b,2024-09-06 09:34:09,Other suggest leave employee drive top if federal she.,feliz,57,masculino,Centro
46c719cb-6b77-46ed-952f-69bb94d48b17,2024-09-05 20:17:21,Beautiful site but own traditional experience rise federal test blood.,triste,24,masculino,Sur
57a5b1b1-0db7-484e-aaed-d35a612a6266,2025-08-01 04:58:16,Myself fire perform finish develop never star control close Mrs defense later generation song together.,enojado,28,masculino,Norte
dd1fdf24-678b-483b-ba32-893765eb20a2,2024-08-29 17:35:14,Benefit network true pattern too professional wall care nothing trial clear also.,feliz,38,no binario,Centro
c1732ddb-0f62-4d97-b545-92e7414babee,2025-03-14 00:45:23,Section while quickly up mission brother plan that can event pretty structure true party society job.,enojado,50,masculino,Sur
8c080c16-af65-40d4-bd8b-674382430cf3,2025-04-28 00:26:43,Chance will authority nearly must care such.,feliz,20,no binario,Este
dd1c7072-c35b-45d1-893b-93e0df2b27ac,2025-05-02 13:23:16,Light line condition most.,feliz,19,masculino,Sur
2a3e2a9a-21b0-48e7-b119-ab923f3bed7c,2024-12-08 22:06:10,Start analysis enjoy dream relationship have dream character firm help around friend if.,triste,69,masculino,Este
a45f3216-f565-4bc3-91fc-df08845006ff,2025-12-09 17:46:57,Business lawyer material sit prevent name perhaps along subject woman seek five answer.,neutral,42,femenino,Este
d3f4171d-ecb7-489f-8d4a-42b410c58be0,2025-10-24 18:22:07,Even star conference.,triste,61,masculino,Norte
a043daa2-e172-473e-8275-10dba63b6d57,2024-06-20 11:21:26,Fund series build carry center final car son line.,sorprendido,64,masculino,Oeste
ac7ba57b-c7d6-4947-8d87-7fcb0d89f055,2025-05-11 04:30:08,Recently possible involve meet claim recent book worker.,enojado,44,no binario,Sur
1d17b53f-1b6b-468b-8ddb-45ebe400b5df,2025-05-08 12:44:15,Form field question human cup letter fund performance water vote two while final beautiful.,sorprendido,64,femenino,Norte
9b6cd754-ad1e-41cc-b3c2-21f59b4f091b,2026-01-01 20:12:14,Ok person reveal reduce after should subject employee all what early.,feliz,32,masculino,Norte
2cb5076b-dc35-45bb-9b4f-f5ce4779b3ee,2025-02-22 13:24:52,Tell pretty Democrat young part black red personal heavy score nothing door member image make research.,sorprendido,28,masculino,Oeste
7ddf004b-dad8-4d6f-af4a-c73e35f75917,2025-09-03 11:51:40,Clear something present.,feliz,34,femenino,Norte
13bf6852-9594-4499-96ba-a18e6da32a5b,2024-05-04 18:29:02,Attorney season speech I upon other discussion risk.,sorprendido,67,masculino,Este
e355d642-2941-4a1d-8a66-887713ccc98e,2025-01-31 21:15:37,Thing various thousand history next home religious call either seek east.,neutral,18,masculino,Sur
159486be-a598-463f-8c6f-f80eb3ae6f46,2025-11-11 12:37:17,Easy quality ask baby agree anyone suffer ahead everyone.,sorprendido,53,masculino,Oeste
9c832d64-6dcf-47bd-a7f9-671aada95850,2026-01-14 05:46:20,Pay manage action how business worker get production read within look scientist when across.,sorprendido,25,masculino,Sur
c36338be-8b99-4689-a67e-b0850d5067a2,2024-04-08 07:06:45,Course who pay small something study result sell.,triste,45,femenino,Este
e34fd65a-77be-4941-aacb-17d19e6568e7,2025-02-17 06:10:22,Peace offer western within specific finish identify.,feliz,34,femenino,Sur
ca0972fa-5e74-44a0-bfba-04a9f77e747e,2024-08-01 21:00:30,Indeed despite able ever student it baby everything court weight.,feliz,44,femenino,Centro
3705bec1-9149-4d92-8625-53024e6e09ec,2025-12-29 15:57:42,Street already marriage later industry bar already important someone above figure record also but rather allow speak.,enojado,39,femenino,Norte
85e35c60-c4ff-42cf-ac44-3cc050471b17,2025-06-09 01:58:47,Executive science player coach education international lay president.,triste,48,no binario,Sur
836b2de7-afc9-44d6-a2f5-53c00207ac5d,2024-04-16 23:31:08,Whether story least camera treatment everything better thing available.,triste,34,femenino,Norte
a43b7557-832d-466e-9b0c-d3abb4a23ce7,2025-04-28 19:35:22,When break product scene cold course them thank nice computer time.,triste,43,masculino,Norte
1b5625d8-1b86-4f39-aa85-d98f89287914,2024-03-09 21:57:26,Tax wonder manager throughout PM suddenly chance.,sorprendido,32,no binario,Oeste
5b5d72b4-12cd-4b05-8c57-6832d4cdf7b0,2024-05-21 08:17:08,Movement story member foreign part step old sea author art.,neutral,30,no binario,Este
0b8514ef-c385-4afb-a64d-3df9d22a3eff,2025-04-16 08:07:46,Realize give clearly talk meeting tree military surface month detail identify.,feliz,56,no binario,Oeste
5b4f1ee4-f34a-4c1a-b958-bfa5246ac75f,2025-04-10 11:30:40,Culture yeah security recent middle charge somebody mother government plant.,enojado,33,masculino,Sur
a5f49e8b-65a4-4a1d-bfe5-750f58f70d1b,2024-01-28 08:05:03,Identify culture thousand without speech continue lot without career similar including wall nor notice top think.,feliz,52,femenino,Este
915226a6-a6fb-42ef-a15e-61cc30882e69,2025-08-29 22:15:44,Simply down then become language speak impact woman.,sorprendido,53,no binario,Este
9af51a00-26c6-4dd0-bc65-375a70daedc6,2024-01-23 06:42:40,Cold wide establish I suddenly serve along himself produce.,enojado,25,no binario,Centro
15ba743a-f5c2-4f39-8850-b2128ad204cd,2024-11-14 13:29:02,Letter season spend none series body talk charge.,neutral,66,no binario,Centro
94c67902-7b80-4dc2-a6a5-138f30392f0a,2024-12-11 17:20:22,Hear risk form travel forget allow American within plant beyond attorney culture.,feliz,20,masculino,Este
1688f297-88ec-4fbc-b79b-d8d58b38d306,2024-08-21 18:12:17,Stand official central likely hold why less contain necessary dream boy pretty green hit pick modern common sign paper.,enojado,55,no binario,Centro
ef84a2e3-e7b3-45d8-8339-19488ad09647,2025-10-01 22:31:13,Across source beautiful interview the else their factor during none recognize standard consider goal you.,enojado,49,no binario,Centro
a4085c73-7a86-44ff-8ba0-74803fd83761,2024-11-03 20:04:32,Start travel work worker friend us because.,neutral,63,no binario,Sur
427db6b0-0b16-4552-b406-f8f2d2803d8b,2024-09-20 00:15:41,Statement thing benefit.,enojado,51,masculino,Oeste
5a204da2-08be-4d50-8689-1e6567c2a502,2025-08-05 15:39:20,Trouble develop general seem miss store.,feliz,64,masculino,Oeste
85b923e0-dfc0-4590-8823-8a0e73b5454a,2024-03-24 08:49:51,Real staff hair decide store purpose.,enojado,47,masculino,Norte
77af1a5d-415b-41ff-8290-63f50a51d939,2026-01-01 07:57:45,It trial score attack write red.,sorprendido,43,masculino,Oeste
dc7a3432-e826-48db-8bec-19ab0173c5cf,2024-08-20 00:10:35,Nation few guy social attack.,sorprendido,58,femenino,Sur
fec0ea40-dce1-4da6-8ee0-46c4c0ae81ab,2024-11-16 13:37:15,Thus natural well film deal long us unit turn kitchen possible just way just near.,neutral,25,masculino,Sur
6489122b-24b4-4740-92db-a195c78229b8,2025-11-10 18:23:02,Plant floor focus population feeling morning newspaper develop turn space reflect door somebody place structure go.,neutral,42,femenino,Este
7b7048bd-2a3e-45cf-816f-73849f888273,2026-01-14 20:42:58,Believe suggest car reason child.,neutral,62,femenino,Este
c32dbccd-5d86-4904-a8a5-df6f95fb0907,2024-04-15 10:47:36,Town try force then.,neutral,56,femenino,Sur
a17dd0bd-3635-4585-8fa7-08d3e330c570,2025-04-17 16:34:08,Talk majority leave line open college.,neutral,21,femenino,Sur
7f330336-e144-4339-9d9e-50aad5352597,2024-04-08 06:35:04,Paper well tax though Mr baby clearly arrive argue early.,enojado,41,no binario,Sur
b28d66f3-a470-405a-9f54-9e867227304e,2025-07-06 02:21:50,Push citizen protect scientist federal suffer peace culture board gas improve role floor do.,feliz,25,femenino,Norte
6a06155b-b43d-4fb3-b12f-6712e2713068,2025-10-27 16:10:05,Truth executive forget than deep truth cell they.,neutral,28,femenino,Centro
08450d89-6e92-404a-aaee-426585048311,2024-03-18 17:05:37,Instead involve not school boy imagine other late.,neutral,35,masculino,Este
ee918158-efc1-4a37-a23b-978c1021e2f2,2025-04-10 03:42:25,Leader him movie develop pull watch by environment how season medical worker account center per player paper.,enojado,31,masculino,Norte
3f5544dd-9d16-4bcd-a8eb-8a4b024d9478,2024-09-28 13:23:34,Best option ahead.,neutral,23,femenino,Norte
537bd0ad-612f-4116-99c6-9084e76178fd,2025-01-08 16:36:39,Medical far product risk land nature interest nor paper race admit kitchen office thought forget administration my argue.,sorprendido,54,masculino,Oeste
546b75a0-ca52-499c-9f54-dbe0719acec5,2024-12-07 11:10:49,Evening identify visit book attorney short.,sorprendido,50,no binario,Oeste
dbf18065-8560-4227-9eb9-9e272da95820,2025-08-29 18:48:10,Ready somebody several successful generation two.,neutral,41,femenino,Este
7316fb2b-3e97-460a-9469-fac33605d8df,2024-02-29 20:27:38,Bed probably test class public grow memory occur start simple blood billion hard trade.,neutral,21,no binario,Este
83069278-88ce-47f1-bc31-26c96602e372,2024-04-02 03:04:42,Test recently paper station age family from feel eight each.,enojado,31,masculino,Centro
5ebb497f-0f42-4d75-b643-4df554462c6e,2025-07-11 19:32:58,Mind happen study song too guess that only without glass page own performance beautiful authority.,sorprendido,29,femenino,Oeste
5279c05c-b21f-4276-9f12-915715bbcf8f,2025-06-06 23:16:00,Government kitchen soldier understand rather.,enojado,55,masculino,Oeste
95e61db1-f2da-47f7-a1c2-d61f5b8f397f,2025-01-13 14:08:57,Building big avoid still on performance people term nearly commercial only follow friend.,enojado,28,no binario,Sur
ebb3f3fa-ca4a-4d8a-b5d0-3e90011c67bd,2025-12-05 01:34:12,Short bar some southern bit ever.,triste,27,femenino,Norte
e06ec02b-3874-44ad-852c-442ea2a7ba10,2024-06-07 14:13:27,Increase page anyone increase remain live visit write especially stock such.,sorprendido,25,no binario,Norte
6636493c-b230-4052-9e71-a3d5421efd1d,2024-06-05 20:47:13,Offer sister order drop.,enojado,34,no binario,Norte
679675ad-a034-4a68-8293-3660b6698033,2025-08-30 07:51:59,Long million brother fact common concern public number hold among.,triste,39,no binario,Este
ba678055-49fc-48c2-aa43-8fcf235d427a,2024-02-26 19:25:23,Table as message.,sorprendido,40,femenino,Norte
62b1c885-ffce-4c57-933f-a64aecf15dbd,2025-05-26 00:24:33,Career first process accept something use cup blue down police couple follow.,enojado,32,femenino,Oeste
b8d8fd9e-8798-449b-b50d-8d6d2d73fdcb,2025-06-12 05:04:22,Around itself worry do cover laugh main enjoy night off.,sorprendido,28,femenino,Norte
820595d5-d613-4517-aa5c-84e115407473,2024-04-23 22:29:10,Race sense man determine run tend thank modern believe pull most rise remember case author late.,feliz,22,femenino,Este
213bab99-5dae-4493-b2da-f7c62b82d155,2025-10-22 05:11:27,Meet especially debate kind image data score glass source.,triste,45,masculino,Norte
d07b9e31-7830-4a59-b55c-8da60ddd8d66,2025-05-05 21:49:12,Forward white mouth financial put dinner space clear give newspaper top those.,neutral,23,femenino,Sur
f81c719d-9f2d-4122-ab2f-7e30c343921c,2026-01-12 12:20:34,Sign series loss laugh.,sorprendido,49,masculino,Este
427f82d2-a186-4643-8eb0-e7e72bb760ab,2024-10-08 19:39:52,Explain population require total plant plan education.,triste,25,no binario,Oeste
08d762bf-0f1a-47f5-8bb9-68c3d58d89d7,2024-10-16 10:36:26,Recognize law conference view morning rate owner catch kitchen heart.,neutral,44,masculino,Centro
2fff08d6-d0c8-42c1-8e33-1aa9eff909e9,2025-12-10 15:58:09,Better house admit that whole behavior standard central expert.,neutral,18,no binario,Sur
bf1d7d5a-556b-4643-b5e6-aad950d40b5c,2025-05-11 23:29:06,Over office activity of hair few none sign against already condition our us medical responsibility thing do one.,neutral,41,femenino,Oeste
316a129d-6636-4439-9ca3-64121ee2078a,2025-05-18 14:50:41,Show end life play fall able risk able indeed young.,sorprendido,33,femenino,Sur
6194cf32-2786-401f-a4eb-b26c9974faf5,2025-12-12 08:55:04,Marriage middle new city her.,feliz,24,femenino,Este
8d98a263-a8e0-443b-87f9-8e1ba2fe3dbd,2026-01-03 20:12:43,Other Mr anyone drug consider should bank.,neutral,39,masculino,Centro
fbcb5c64-2365-419e-8813-cc4719412dc7,2025-10-05 14:58:04,Kitchen vote structure commercial civil agency police nearly not quality investment high should across tree.,neutral,63,masculino,Centro
a8efc1d0-fb4d-405a-8b17-c3fe59d86d5e,2025-03-31 01:52:44,Our black write owner page hot.,triste,37,masculino,Este
80a6741a-f0f2-41a7-942a-d85cb687320f,2024-02-19 07:19:46,Enough create wall hit.,triste,61,no binario,Norte
a4ed96d6-d76f-4183-9b08-9278f005f588,2024-02-01 16:42:30,Painting southern strategy your control upon look by off deep woman.,neutral,30,no binario,Centro
0e67fc43-1cad-4cdf-a7b5-ad83cde89bf2,2025-06-12 02:25:55,Example simple compare investment news read baby paper music although.,enojado,60,no binario,Oeste
e57be61e-06af-4725-ba3d-61bb94e1d895,2025-09-06 13:24:05,Pattern any again produce property actually.,neutral,26,femenino,Norte
d7af0ece-7e81-40f6-9925-b07fd9fde3fc,2024-02-17 19:01:53,Compare citizen consumer subject will.,neutral,57,masculino,Este
098eb677-98c2-46ad-bb9c-f48eecddfc92,2024-02-04 01:20:59,From interview need weight face other set really life shoulder care everyone result.,neutral,62,femenino,Centro
63654e6d-a1ce-47cc-b8a0-fccd9e269e2a,2025-04-27 15:33:34,After magazine machine of finally evidence.,sorprendido,40,femenino,Norte
1920433a-e440-40e2-a17b-c59bbf3da19b,2024-02-04 13:04:42,Idea run since over meet reveal boy accept difficult.,sorprendido,64,femenino,Norte
a4829d0e-fca0-4f03-92ba-c2f8625bdbe2,2025-02-26 16:07:39,Picture especially big cost listen task ever wide lot form share.,sorprendido,58,femenino,Centro
d86564de-a87a-4de3-b1aa-a17625514e3a,2025-12-17 18:25:43,Exactly money miss ok accept after west.,feliz,58,masculino,Este
45a3e4cb-c05b-47cb-a3d7-ece319a6d32e,2025-02-27 05:57:43,Site executive head today peace individual someone responsibility two blue production including his.,triste,59,no binario,Sur
7ad3e2ea-33dc-4ef7-b786-913b2679c592,2024-11-28 16:22:52,Hard I last discuss show serve reach simply and size enough property.,sorprendido,56,masculino,Sur
2e0e55c4-0bed-4e8d-a1ad-f0e99f7556aa,2024-07-24 01:56:46,Too moment energy.,enojado,43,femenino,Sur
c9e5a985-61ad-4b6b-bc61-0ade2f248f1d,2024-08-08 15:58:07,Their would benefit strong station any lose machine service car ball.,neutral,39,femenino,Este
5ee81182-ad65-49ba-bbb4-3c2dfa6da586,2025-08-23 11:06:34,A brother cold difficult question tonight wind describe few who effort course.,triste,24,no binario,Oeste
f9f7ca90-b36c-4536-9b3c-8af04f9fb35b,2024-09-03 21:23:11,Particularly design stage art successful.,neutral,27,masculino,Centro
38e4992d-9aca-4404-86f1-0359293b15e8,2025-01-31 20:13:18,Share measure down shoulder organization fund particular.,feliz,61,no binario,Oeste
ea20463c-af66-4d54-8eac-43c2b942ca2e,2024-03-19 04:39:54,Light black entire response customer common.,neutral,18,no binario,Centro
ed8ff7b6-6ad4-4936-bedd-d27ef37f57f7,2025-08-26 22:33:57,Around news possible soldier number south forget law TV standard.,triste,55,femenino,Sur
4fcb6055-2c52-41b3-b33a-a710fcd33966,2025-01-06 20:19:16,Decision system and establish knowledge each increase marriage others training.,feliz,20,no binario,Centro
f367d019-56b8-4502-994d-c3d85727c3e7,2025-01-27 10:09:07,Red at image maybe smile one analysis exist.,feliz,22,no binario,Oeste
2275caf0-61d0-4ac7-af75-862ee757ff09,2025-11-19 00:34:23,Write down space plant board pressure.,enojado,24,no binario,Este
fb5f3046-3485-4b0e-a1fa-15ed7f35e9df,2025-11-30 16:10:16,It mention cell old pick scene citizen hundred.,feliz,69,femenino,Sur
54447ba9-0a5a-46b3-80ca-4fcbb201442d,2024-10-23 22:59:57,Board outside hospital role theory culture sure indeed yard.,triste,51,no binario,Centro
c97a7bf9-687b-4a9a-a3f3-f91ad99741db,2025-11-25 01:01:50,Movement likely site situation each together order business happen child sing class pass name.,feliz,41,no binario,Sur
4f11f432-129f-44bb-8bce-2b1f2f341f20,2025-09-02 20:55:30,Picture with house brother address oil generation power TV employee health likely black.,neutral,43,masculino,Centro
1f492b28-5c5d-4c48-ad4e-3eb9184fc94d,2024-12-12 10:10:17,Least game seven expect interesting value.,feliz,31,femenino,Sur
05017ca0-e015-4e81-ad80-829bd93346c2,2025-02-14 06:34:24,Recent season low yes position message whether lawyer.,enojado,53,femenino,Sur
2c8c9ffc-ec22-4927-84e9-de5723fdfadb,2025-05-06 09:53:16,Money east issue hit fact they land small professional five stuff.,sorprendido,35,masculino,Oeste
dc23bab9-090d-43f2-b5a6-c47bcb6eeef4,2024-07-06 12:06:52,Near born improve may number event never letter.,triste,23,femenino,Oeste
592773f3-e747-48f8-9902-3a26c8717270,2024-12-09 00:29:51,Somebody unit artist far sort night idea produce order yet sea.,enojado,48,masculino,Oeste
0b6b3c25-ed2c-436f-aafe-bade6d9ae95d,2025-12-16 23:12:58,Increase such just out.,triste,32,masculino,Centro
5fd3442c-4ce9-485b-af41-0633fe32465a,2025-11-22 19:19:44,Senior sound surface strategy develop soon clear specific reality record buy bring.,neutral,21,masculino,Oeste
800f1866-3a7e-4f14-9f30-e9608bb558f3,2024-02-13 09:52:34,Why often understand enjoy subject carry hit adult war believe budget really or child security yourself.,enojado,52,femenino,Sur
ce221460-4bbd-46e6-98b7-312aa6425106,2025-10-15 11:23:56,Total significant production yeah action down technology modern any leg in image big office item Congress.,feliz,28,masculino,Sur
b46f761b-878d-4e57-999c-1c6c4ef5eb7f,2026-01-07 18:06:57,Information ok how explain someone difficult discussion itself follow school never fall our.,triste,27,masculino,Este
d3d9988e-a416-4d81-9a83-a82c45d99d3d,2025-02-03 05:18:46,Sound possible career want represent may right best list wall school space economy day.,enojado,50,femenino,Centro
e8aebd87-43d7-4ac7-8a5b-4508b54505de,2025-07-10 15:45:40,Collection top newspaper seat red song news capital fly.,triste,31,no binario,Centro
eed39aac-c9c3-431e-aa7c-24161c497999,2024-07-03 14:59:05,Goal front four mission five study employee pattern professor place.,sorprendido,22,femenino,Sur
ae3f4619-402e-4127-8217-d0d2fe8e30e4,2024-05-15 18:04:11,Wind could probably line short shake ago.,sorprendido,48,masculino,Oeste
75d83874-2f2a-4b29-a22b-a2424960dc37,2024-10-08 04:23:35,Too table scientist whose name door argue now matter majority language their hair threat.,feliz,51,masculino,Este
e3030d4d-f395-4319-9356-17102612c438,2024-02-11 03:40:07,Share own art economic kind occur again.,feliz,57,femenino,Este
09efdb86-718d-4aff-b6b7-9e4ad26f0443,2024-03-11 11:08:07,Big available sit raise likely activity cause necessary increase talk.,feliz,49,masculino,Norte
b73a3f5c-053e-4289-858f-c96abddc0ead,2024-08-20 08:20:34,Data town hair personal record education generation walk.,triste,51,femenino,Centro
3057a3b1-6f1b-46fb-b3ba-a7ea9663eb11,2025-09-02 03:05:47,Suggest government one back first develop drop by try.,feliz,27,masculino,Norte
da77c4ec-ea06-4712-85e8-33c61b4cf86b,2024-07-11 05:53:20,Possible reveal try entire international concern administration home five national between list three property.,feliz,54,no binario,Este
c441221d-e719-49f9-b4cb-65d206bd4a65,2025-02-20 08:47:23,Within play together center.,feliz,24,masculino,Norte
780e2eab-f9eb-484f-80bf-b090227fb7ea,2025-01-22 19:09:43,Letter decide him each I authority.,neutral,53,masculino,Centro
da452f77-8b0c-4c7c-bbe6-d9c3b151f4af,2024-10-27 04:57:21,Same church whole somebody poor save exactly difference executive cost media short anyone before need think night never.,sorprendido,20,no binario,Centro
0d09e5c4-5673-48b4-9029-b3e12d6f19d9,2025-05-30 07:15:38,Century tonight number hundred goal else rather send man.,sorprendido,19,masculino,Centro
b9cc633f-1178-4c4a-b45d-74858459a09b,2024-09-02 06:16:32,Information always account staff force history manager.,feliz,64,masculino,Este
b6ca7c62-59a5-4a05-bfdb-b1afa598cf98,2024-12-19 16:52:46,Agency news strategy.,feliz,26,no binario,Este
7786ad24-6380-4547-b5f9-48e04f4e3037,2024-08-15 08:27:10,Tough doctor institution dream beautiful play wish science conference finish major right charge unit possible catch less.,feliz,18,masculino,Oeste
e4983529-7e74-444d-9abd-dd502affefa3,2024-03-03 17:29:19,Rate Congress term what before bill way fund.,sorprendido,27,no binario,Oeste
8415930d-8dae-4deb-b189-791fa4accae5,2025-09-26 01:24:11,Explain only talk others book it health skin see pressure note.,neutral,62,masculino,Norte
4f3a2d22-c835-44b1-ac66-298bb1c54c0e,2024-11-18 20:46:28,Play student turn seem key network it radio personal cold tree.,enojado,63,femenino,Sur
e1aab9e5-2ce5-4adc-8b27-3f7f67d8a68e,2025-02-11 16:46:18,Prove might million opportunity federal among in always police new around price professor control.,feliz,55,femenino,Este
cd620676-b90a-4f24-ab93-65fa99bc34aa,2024-02-26 14:22:00,Future foot show can behind much miss plant alone series until.,feliz,52,no binario,Sur
7e5f9dd8-5546-46a2-8442-6195c80f5de7,2024-02-29 05:22:16,Central major perform affect lose compare for learn billion.,enojado,49,masculino,Este
5ce40b5e-fddf-4bd8-a4d3-8e5375702656,2025-05-30 18:10:06,Consumer letter last all least entire dark budget pressure effect economic.,enojado,49,no binario,Oeste
cbe18a38-53c0-46bf-9acf-67cbf033b14e,2025-04-11 04:57:00,Despite leave five arm market individual.,neutral,27,no binario,Sur
57cf408c-6e22-4127-988e-07d0776b1865,2025-07-24 01:16:10,Collection establish bit story people increase.,enojado,53,no binario,Centro
437e3df0-ca68-4800-83b1-1cfdcef9610a,2024-07-05 20:36:37,Trial agree push body these inside question ground some total low television perform research.,triste,25,no binario,Centro
a540a9c4-97e5-4006-b760-6ef56398927c,2024-08-12 23:24:14,Art current blood these pressure bed exist.,feliz,54,no binario,Este
413b3116-ba09-48c8-a7a7-c548d8403432,2024-11-29 01:34:48,Reality through audience message administration institution recognize result power.,enojado,67,no binario,Este
01e9cbae-a4b5-4397-93e3-4cc823d0c9e5,2026-01-04 19:16:52,Little trip majority there.,enojado,26,masculino,Sur
fdc64698-e6a4-4b20-b676-09e5be8296ae,2025-10-06 09:39:11,Win industry star general provide fund phone despite fly born lose course leg between reduce color.,feliz,50,femenino,Este
1aa22eac-f9b8-4ddc-b6af-37ad988eb38d,2025-05-28 18:58:58,Particularly feel current course difficult type newspaper others action light dark information close federal great.,feliz,57,femenino,Sur
390f3e91-24f1-44a4-9893-7e3874b4cd12,2025-01-02 13:18:21,Exactly purpose center good show community laugh attack sometimes rest thing may hundred do pick.,enojado,20,no binario,Centro
b5475e81-a3ef-4dea-a330-e763b4c448ea,2025-02-11 16:46:10,Once reach southern nature up.,enojado,19,no binario,Oeste
cf5d9aeb-9bf8-4cb0-93a2-d1f53acc2b6b,2024-08-18 04:40:13,Opportunity difficult argue.,enojado,39,masculino,Norte
7615d377-0825-4b58-b047-0299ce236eca,2024-02-21 22:18:19,My necessary first hand put surface cover capital effort future on well carry.,feliz,50,masculino,Sur
6f199451-b067-47e4-ac24-55018c15dea3,2024-09-11 15:25:23,Including class like during fish collection outside mention until court successful.,triste,50,no binario,Este
7e6049d1-acb9-41bd-8f90-2df1cde19407,2024-12-01 05:21:26,Down bag end check message better leader pick themselves almost.,triste,41,no binario,Este
919b8a69-2cb6-4b0f-928c-a188e96ec5a4,2024-01-29 07:15:17,Something ever life find drive woman everybody sure.,enojado,61,masculino,Sur
7d4bd43f-af08-4916-a727-e07e18a362e2,2024-05-23 23:48:39,Above rather after up teach sound may season near.,sorprendido,27,femenino,Norte
197c4f78-0db9-4373-a663-6623dbbf694a,2025-03-14 02:04:49,Anyone talk box story heart yet apply early picture.,feliz,48,no binario,Centro
1560c6b8-8863-4750-99dc-ce061cbb8bbc,2025-12-09 12:51:08,Upon eye Mrs field anything member hair war type instead candidate special.,sorprendido,51,masculino,Oeste
8487b983-4d98-471a-b419-b967f438143f,2025-06-02 21:09:46,Court fly long beyond owner.,neutral,53,no binario,Centro
12321ab9-dc90-49cb-81be-a6eb3f4d0aac,2025-01-24 08:39:03,Themselves research seat about defense year family onto realize some onto argue throughout.,enojado,31,femenino,Sur
e022ea23-c38d-4b2b-a3cb-9ca5b2da4ea0,2025-04-23 16:42:30,Success eat young according example several strategy try.,feliz,57,no binario,Norte
7b6757fc-fdf6-40ea-975f-ccfb6c67ca93,2024-07-15 06:12:44,Senior toward international leg trial couple whom too.,triste,59,masculino,Este
777bedd4-ce1b-4274-8f1c-8406cedf6d43,2025-08-06 04:41:33,Century affect behavior senior over condition discussion general avoid.,sorprendido,22,masculino,Centro
a73cc5eb-37d9-4cac-8ff5-4353a5ed7d0d,2024-01-29 13:33:36,Race hand indeed.,triste,45,masculino,Este
fb5da570-a3cb-4451-84b2-a62431421c5a,2025-07-31 13:48:42,Stage democratic eye necessary huge reflect model west force.,sorprendido,51,no binario,Este
1a9dcbd1-d8a1-4ac4-8f46-c93aa82baa3a,2024-08-18 15:13:09,Reality light technology list risk perform option nature trouble.,enojado,59,no binario,Oeste
3978f31c-0e9f-4f47-a44f-b865ce7e2343,2024-11-18 03:29:45,Recently vote quickly card join skin action identify they thus usually just article law street office herself.,neutral,48,femenino,Oeste
a24190b0-f103-4f43-bc85-1f14032f272f,2024-05-04 11:51:02,Same street share food heavy cultural.,triste,25,no binario,Norte
03c79f1b-d72e-49b2-8757-f6952220141e,2025-12-18 11:48:42,Three want above indicate difficult hot.,feliz,54,masculino,Este
7d57fcbf-29f7-4ea3-a238-a3634a35309f,2024-03-15 05:16:17,Peace seven though similar statement where president bit fact agreement.,feliz,54,masculino,Este
7d7b10d5-7341-48cf-8de6-49a506293b06,2024-07-27 00:07:13,Garden organization arrive area pick land rise quite rate foreign Congress.,neutral,36,masculino,Norte
146ad8c0-6693-4b58-8841-b8ee08e00ad6,2024-08-02 12:28:28,Movement than heavy value after.,neutral,22,no binario,Sur
ecc6e2e6-40f3-4589-a0c8-10ed7a45aea5,2025-05-20 02:11:49,Foot himself avoid million PM room continue test.,neutral,34,masculino,Centro
39c4ea17-2ac6-47f5-a644-4a4b08951023,2025-11-06 22:43:07,News start worry wish him strong crime.,sorprendido,65,femenino,Este
0be7789d-7e38-4261-a152-921434c2d9cd,2025-11-16 07:08:27,Change weight wear near.,enojado,53,femenino,Norte
5368c4d3-4ca4-4897-95e9-7b6775cf7bcf,2024-07-01 08:07:33,Seek threat certain approach task.,triste,69,masculino,Oeste
ddef42fa-057b-4d37-8bae-cf37af09f565,2024-01-24 10:45:28,Month candidate film science spend.,sorprendido,44,femenino,Sur
e4836cb3-7ab4-4cde-b8c0-78ec4138fa32,2024-05-30 07:24:39,Ready dream look eight.,sorprendido,43,femenino,Centro
1eb25b98-0ae3-4b94-8367-a5d5654aebcc,2025-02-06 19:38:55,Car open speech federal always third.,neutral,51,masculino,Este
b0ab623c-ae39-4ba9-9ddf-4bbcf3f77219,2025-05-20 20:33:21,View once boy democratic paper area country issue still authority three who.,feliz,48,femenino,Norte
c2260516-ccae-4f70-ba8b-43580aedd1a0,2025-01-31 15:38:42,First father sport and would discover story discuss.,triste,45,no binario,Este
b81c5ece-4c4e-4a87-8b96-c6b7bc225435,2025-05-22 01:05:36,With tax report garden sound under finish our.,sorprendido,67,no binario,Norte
c5c5ac67-523e-4b2d-87ef-b4a444585ea4,2024-05-27 08:04:04,Recent director drop itself case.,feliz,21,no binario,Oeste
4b4f9efe-b80f-4046-b223-eb507a5e7af3,2024-07-14 09:49:42,On down history nice exist relate military feeling reality computer sell again travel detail speech activity.,triste,23,masculino,Centro
0745afa9-629a-4795-ae3a-56e08bb293c7,2024-04-04 16:56:51,Leg article owner position.,triste,45,femenino,Norte
396282ea-0f0a-46ec-833c-060bb7084471,2025-03-06 16:03:18,Truth instead show Republican current weight them watch book.,neutral,32,no binario,Norte
3ae7d4ca-09db-42e9-821e-348c927d4ffb,2025-10-21 03:20:02,College mother western sit expert by factor land.,neutral,53,no binario,Este
ae6979df-9a94-48e5-9ecc-a4dd4fc6160d,2024-08-23 05:50:10,List couple bad program give fight out maintain know interesting behavior.,neutral,47,masculino,Este
8c5f9df6-235d-454b-be94-272a47c9365b,2025-11-05 06:24:32,Traditional particular third ball us record could door time what maybe believe apply one history few.,feliz,61,no binario,Este
b267f21d-1912-4785-aefb-c4679a3d40c3,2024-09-13 20:15:15,Talk because book fine Democrat speak himself interview.,sorprendido,45,femenino,Sur
5f40cc72-e04a-4fb7-86df-50915f159e61,2024-09-09 13:54:09,Bill most series in service discuss democratic anything place then own sense four her weight condition.,neutral,18,femenino,Oeste
32e7f27b-e6ef-4ce3-8c60-dc5dfa19ca66,2025-01-11 12:58:04,Or concern everybody college thus almost best mouth student close.,feliz,22,masculino,Sur
d57a6049-b8cf-46cd-bd11-d678e1c7228b,2025-01-17 03:53:00,Special left out put environment likely east local standard management bar.,neutral,65,femenino,Centro
862ea1af-d496-4505-b177-7adac104d317,2025-08-14 15:35:10,Section outside set car professor wait view half.,triste,45,femenino,Oeste
8a5460d7-462b-4a1c-ac26-97e01a7fb9eb,2024-04-10 17:32:31,Treat several beat leg law former book space perform do exist hand.,enojado,38,masculino,Centro
80e7bf33-279c-4656-a4b6-ae370c323302,2024-09-27 13:05:55,Though hand everyone about sense choice.,neutral,38,femenino,Norte
a2238b8e-255e-4665-b8ea-0d5cfe1c10e7,2025-09-27 07:26:03,Hold need month building their three three notice full.,triste,51,femenino,Sur
ec9e772f-a783-4195-99ee-a9e296c42ece,2024-04-17 00:17:11,Rule my result fly drop southern PM conference medical or.,feliz,66,femenino,Sur
bf54799b-03d3-48a2-a276-91341d935e34,2025-06-20 13:51:58,Ball minute laugh baby job result both business.,triste,40,femenino,Sur
d2637d50-f214-4698-8b9e-d742a3c64203,2025-06-05 12:01:24,Account firm year generation water build miss market face anything.,neutral,43,masculino,Centro
7e563101-9044-4a2d-935e-429b49ab891f,2025-03-12 10:28:09,Sport wonder significant try perform light read sing hard our rule country morning poor.,feliz,42,femenino,Este
4b103e8b-ac17-46d7-8d86-06628b6a6062,2024-08-11 10:33:25,Tree receive open feeling also national experience environment place pull little human interest note.,feliz,59,femenino,Centro
fea81061-e13c-4b5a-8811-0a7c95fed79b,2024-06-25 05:48:31,Sister visit field hold view country also character not.,triste,44,femenino,Centro
58bce301-799f-40f7-b6a1-0d89dc608f8e,2024-03-25 01:24:19,Care line system truth always fast fine picture him.,sorprendido,69,no binario,Oeste
a9ee1e2c-5c2a-48a0-bd6e-bac276d6a758,2025-04-14 13:29:06,Citizen not trial middle outside year trip tonight rule relationship significant place.,sorprendido,31,no binario,Norte
2da93dc6-9640-4c0f-81e0-278a943efe6c,2025-02-18 08:00:17,When new wall artist every.,neutral,54,no binario,Oeste
fcbfb971-4a51-41fd-a9b3-266c5a15ee4d,2025-11-19 19:04:14,Director detail student.,triste,34,masculino,Sur
32453b73-920e-42a0-be12-faeb78e75293,2025-03-03 20:50:43,Popular public director stay bill specific phone billion better control.,feliz,62,no binario,Norte
216b836a-ad70-4049-bf43-8a0e0e055e7c,2025-05-30 03:18:31,Section act how last notice policy candidate court tree book hear push challenge manage camera own commercial believe mission seven.,triste,35,masculino,Centro
e568f1bf-4ca3-4b94-a473-21836e1c40a9,2025-10-21 23:10:38,Investment maintain of big color morning community hot unit condition collection activity.,neutral,32,femenino,Este
657bf56d-d589-4004-955d-2944934e4c22,2025-12-11 19:51:36,Attorney who agency country reality green computer to quality staff safe they either until young girl pressure individual strong.,feliz,66,no binario,Este
8254d3f0-1825-455f-a98e-bfe70ae97786,2025-01-18 11:54:27,Husband identify quite collection should discussion ability.,sorprendido,64,masculino,Sur
fb983324-a4ad-4eb3-b93c-6b867ebf00b4,2025-09-03 15:06:07,Wind job factor whatever truth admit building apply into I.,enojado,46,masculino,Este
e2c61cb7-f8e8-437b-b53d-1c711983b004,2024-06-07 20:24:42,Available happy clear sister believe child between defense job draw loss at particularly use during her.,triste,58,no binario,Norte
208f3c12-94ee-41aa-8c85-1413a4ee1d27,2024-04-20 17:43:30,Pick boy interest without off move movie remain first.,enojado,53,masculino,Norte
72e887d4-fca4-4c71-8f6f-26a5646f8e9d,2025-04-10 16:41:26,Technology remain get seek industry admit spend per yet economy rock answer heavy forward gun generation.,feliz,28,femenino,Este
60a5daca-1c18-4490-96e5-795c21e272f9,2024-04-13 18:55:37,Leg pattern relationship talk media capital structure.,enojado,44,no binario,Oeste
eac5e8c7-d739-4474-9c88-ac9a7534bf25,2025-11-12 21:08:56,Outside free also base there affect natural pick education recent.,triste,47,femenino,Oeste
e5db046b-9ed1-41e0-85cb-d8f1821cd9f8,2025-08-17 04:16:57,Green beat one care.,feliz,62,femenino,Centro
a03916e9-fc7c-4cb8-b260-318e46d00112,2024-03-02 23:36:43,Task property ever put relate and bar back happen people ok rich soldier onto task his.,neutral,33,femenino,Norte
3a8b9891-ef85-42bc-b37f-2e25a280e3ce,2025-03-31 18:39:26,Structure too kind heavy between design situation until daughter huge red.,feliz,61,femenino,Sur
eca4bfd9-4dd8-4bb0-97ec-19174b0873b2,2025-09-28 12:09:57,Alone charge TV half radio resource information.,neutral,49,masculino,Centro
4820fce9-06dd-4907-84f7-f1c65b0edee6,2025-12-05 19:34:22,Money begin society little assume.,feliz,32,femenino,Oeste
7b41e4e9-eadd-4d05-a547-5f131eae5f9e,2024-05-15 07:25:37,Partner economic task position yourself measure grow rather price.,feliz,64,no binario,Norte
fe68556c-aeb4-4934-8ab2-3f4373e1865a,2025-03-15 02:42:06,Enjoy star sometimes and southern raise establish believe occur window cut leg team field make.,feliz,61,masculino,Este
1ac7e4fa-68b8-467c-a1cb-3d0118880c96,2024-09-06 02:50:38,Where fast fill write several bar lay high would course experience response similar word how year.,feliz,62,masculino,Norte
01df9bed-bd2f-4c39-b082-b2560d3164fa,2025-07-19 05:20:52,Available after later reveal treatment evening yes easy air really my receive.,enojado,53,masculino,Oeste
7423d500-7caa-43c4-9029-97dc1f1a5ecd,2024-08-30 14:57:13,Campaign what order spend reflect drop them true break gun usually.,neutral,59,masculino,Este
707807ca-dc27-4b9e-8b26-0e15d0e1f139,2025-04-12 19:38:05,Send interview blood production own quickly film class include.,feliz,41,no binario,Norte
0c72a387-6318-404f-83f7-f838a0b595e3,2025-05-12 20:14:19,Large eight animal enjoy free the.,enojado,22,no binario,Sur
0c67eba2-dd9a-4bb1-a2ca-e3892dea1a3d,2024-02-20 02:47:33,Son actually water.,enojado,65,no binario,Centro
4f936971-4b21-4733-a8d1-5bb60f474a36,2024-04-04 08:07:43,Improve would benefit none really father TV vote church production face this center activity.,feliz,42,femenino,Sur
74675a9e-49d2-4003-8614-35ece6b33850,2024-06-19 01:41:08,Chance foreign mind east allow east notice race.,triste,52,no binario,Centro
3757c9c5-a520-4528-9940-a9c9f02d6565,2025-07-07 11:36:38,Mission second speak time you upon able.,neutral,53,femenino,Este
5036672a-938a-4f2e-acf3-449a91795cd5,2025-05-10 11:53:44,My kind everybody newspaper story all throughout.,enojado,53,masculino,Centro
54e0ae94-3259-4a10-a710-bfbf001dfda1,2025-06-14 14:25:01,Step concern bill size goal.,sorprendido,68,masculino,Sur
7d0d4d26-21eb-4b49-ae23-b4c809d8852f,2025-06-08 06:11:08,Whole a theory their.,enojado,35,masculino,Centro
bc3207f3-a788-47ba-a86a-84e5b856d5f4,2025-08-02 20:55:21,Often take successful mind movie feel.,neutral,58,femenino,Norte
2dbda485-7722-4ee9-bb25-dcc7e21e3645,2025-04-01 10:18:22,Step safe tonight generation central piece your.,sorprendido,40,femenino,Oeste
dd2dddbc-a25c-4060-95d8-5278eb9105f1,2024-06-30 03:59:40,Sell need consumer part head east development from per determine.,feliz,49,masculino,Este
c657d20f-00ea-4ef2-85a2-bf154f4afeb1,2024-04-25 00:36:17,Expert allow choose together.,neutral,56,no binario,Oeste
ca7a04ae-52be-4497-b3b6-3d6ceeb26690,2025-07-26 14:02:18,During west religious clear like decision.,triste,51,masculino,Centro
4761013a-7e62-45c6-b698-9e5295da8ad6,2024-10-19 09:10:05,Tough line traditional less enter.,triste,28,masculino,Centro
6bdc1ce5-adb6-40ce-bb26-9c506acb85a8,2025-02-10 18:47:08,Deep control likely room he why hit age fact American all business skin sometimes.,sorprendido,68,masculino,Norte
7acae847-5241-4584-a198-2ebd6150d0bb,2024-07-28 04:05:53,Change beyond strategy understand southern produce news.,feliz,60,femenino,Oeste
d7cb6ab0-1acc-4b84-9c6f-d2e9cbbeb7bb,2025-03-29 00:52:30,Indeed ready yourself world.,sorprendido,62,no binario,Este
30784d56-f87a-4503-97b2-dbf0c7082daf,2025-05-19 10:33:57,Range thousand small new rise future rest hospital task air note talk.,feliz,27,masculino,Centro
4446e689-b04f-465e-b11f-a8dbec50fdce,2025-12-30 18:31:31,Specific nearly sit fall for owner.,feliz,42,femenino,Oeste
915f28d0-263b-4f1c-bbc3-61cfa5cb70a4,2024-10-03 00:10:34,Floor suddenly various performance protect forget major task student result court ground bar agent nor scientist.,enojado,39,femenino,Centro
dbd15c6b-22f9-40ed-ab52-49a23acae97c,2025-10-06 19:45:13,Sometimes field middle research law deal.,sorprendido,20,no binario,Centro
cb9344b7-f87f-46d3-bd64-7346f766b049,2024-03-06 18:33:07,That if history Mrs move above style piece rest knowledge.,sorprendido,53,no binario,Centro
b7679c9d-9e4c-4ac7-969c-077fd1eda383,2025-07-19 05:40:40,Enjoy until both site late local full role know look.,neutral,34,no binario,Centro
2dac7ffb-225f-4f60-b423-a94b17177125,2025-11-16 08:09:05,Business democratic need section computer sometimes size win fly either bit.,neutral,62,no binario,Oeste
21d0827c-c0b4-490f-99f4-3cf58add2dfb,2025-08-28 10:07:58,Culture gun call action back leg practice ball image company.,feliz,35,masculino,Este
be74dd5f-3f2f-43ed-bb4f-bf47056d235b,2025-01-10 20:22:44,Commercial eight suggest bit because.,enojado,22,no binario,Centro
e3cc6f00-935c-4d1d-934a-f07dbbd6131e,2024-05-01 03:11:16,Answer rather network but determine that character ability chair chair easy down.,sorprendido,48,femenino,Oeste
c098ebe5-01f1-4170-8cf9-104e32d24d0e,2025-03-08 20:40:37,No almost simple camera hospital range agency.,triste,56,masculino,Centro
42dfb1c3-631b-40b0-ab05-65f75b80f44a,2024-06-20 14:08:56,Out political sit seek lay but truth others.,triste,31,no binario,Centro
4c9f0eee-bf29-4a0e-8487-7a19a38565b0,2025-05-13 03:25:24,Congress man week road difficult themselves defense cause race forward.,sorprendido,28,no binario,Sur
323895a3-d5d2-4938-8a27-2c6f4e982aac,2024-09-05 19:47:50,Off question kind data current federal public social better wonder outside before ok choose meeting security person.,neutral,47,masculino,Oeste
b96dedda-228b-4e9e-a7c8-5aa91858a735,2025-10-29 20:03:16,Course feeling build pick story western space audience side.,triste,62,no binario,Norte
9b538702-ccad-4d32-b456-196f33b980ce,2025-11-15 13:43:59,Trade billion rich beautiful skin responsibility board soon pattern throw participant.,feliz,23,femenino,Centro
919eea64-2952-4868-a0ed-71d56c2ef28d,2025-10-18 10:37:45,Fear thousand majority should through catch degree relationship decide recently understand call finish current similar product.,enojado,49,no binario,Centro
7ff25960-ac24-4d9e-ac71-146ae8814829,2025-09-14 21:36:28,Build beat when respond design type until design set.,enojado,46,no binario,Este
5f4220bc-85de-4332-9111-e398e25ec6f6,2025-11-10 08:48:22,Four situation group law administration idea why test movie after officer method reveal student drug mind poor.,enojado,40,masculino,Norte
df221696-5ca6-40bb-85c6-a92e0a297dfd,2025-06-22 05:13:02,American mission home western soon wait ability over then push nor Republican time.,neutral,69,masculino,Centro
fd022e1d-273b-4b2e-a92a-667d7ba3149d,2024-09-10 20:02:58,Laugh why conference hundred daughter.,sorprendido,41,femenino,Sur
fa21aa30-5768-4517-8bf6-2a553b5dc73f,2025-07-07 12:47:28,Whom describe project sister front mouth view it action court less.,sorprendido,59,masculino,Oeste
194d44d8-1c95-4f47-b1bd-a9c43c9bd5aa,2025-12-04 02:08:57,Use south land direction your computer.,neutral,46,femenino,Sur
c330ad06-26b4-407a-9ecb-c9528e0cb286,2024-11-28 17:24:45,Rise expect trouble us business specific apply cup.,feliz,36,no binario,Oeste
ca42a248-4a36-4f29-ab61-747fd11cef2a,2024-10-21 18:05:36,Key life smile wife former investment four Mrs cause miss matter.,feliz,54,masculino,Este
7a1718ad-79a3-4d72-b384-36dfa67be333,2025-06-30 05:01:25,News live heavy improve usually state true boy various year task and remain view system.,neutral,54,femenino,Centro
5b4a25b3-a2cf-4a2a-bea1-9b002c210a2f,2024-03-24 16:29:24,South student long various oil while spring address produce ever machine huge shake.,sorprendido,68,masculino,Sur
941f45b4-d728-43a6-b10c-7dca2267dc4f,2024-07-05 04:56:50,Now similar far manage next.,enojado,37,femenino,Centro
754c61bf-49de-429b-8b2d-3a7b51906413,2025-03-24 18:45:35,Rock feeling alone shake early other director always.,triste,34,masculino,Norte
